value_0_0,value_0_1,value_0_2,value_0_3,value_0_4
value_1_0,value_1_1,value_1_2,value_1_3,value_1_4
value_2_0,value_2_1,value_2_2,value_2_3,value_2_4
value_3_0,value_3_1,value_3_2,value_3_3,value_3_4
value_4_0,value_4_1,value_4_2,value_4_3,value_4_4
value_5_0,value_5_1,value_5_2,value_5_3,value_5_4
value_6_0,value_6_1,value_6_2,value_6_3,value_6_4
value_7_0,value_7_1,value_7_2,value_7_3,value_7_4
value_8_0,value_8_1,value_8_2,value_8_3,value_8_4
value_9_0,value_9_1,value_9_2,value_9_3,value_9_4
value_10_0,value_10_1,value_10_2,value_10_3,value_10_4
value_11_0,value_11_1,value_11_2,value_11_3,value_11_4
value_12_0,value_12_1,value_12_2,value_12_3,value_12_4
value_13_0,value_13_1,value_13_2,value_13_3,value_13_4
value_14_0,value_14_1,value_14_2,value_14_3,value_14_4
value_15_0,value_15_1,value_15_2,value_15_3,value_15_4
value_16_0,value_16_1,value_16_2,value_16_3,value_16_4
value_17_0,value_17_1,value_17_2,value_17_3,value_17_4
value_18_0,value_18_1,value_18_2,value_18_3,value_18_4
value_19_0,value_19_1,value_19_2,value_19_3,value_19_4
value_20_0,value_20_1,value_20_2,value_20_3,value_20_4
value_21_0,value_21_1,value_21_2,value_21_3,value_21_4
value_22_0,value_22_1,value_22_2,value_22_3,value_22_4
value_23_0,value_23_1,value_23_2,value_23_3,value_23_4
value_24_0,value_24_1,value_24_2,value_24_3,value_24_4
value_25_0,value_25_1,value_25_2,value_25_3,value_25_4
value_26_0,value_26_1,value_26_2,value_26_3,value_26_4
value_27_0,value_27_1,value_27_2,value_27_3,value_27_4
value_28_0,value_28_1,value_28_2,value_28_3,value_28_4
value_29_0,value_29_1,value_29_2,value_29_3,value_29_4
value_30_0,value_30_1,value_30_2,value_30_3,value_30_4
value_31_0,value_31_1,value_31_2,value_31_3,value_31_4
value_32_0,value_32_1,value_32_2,value_32_3,value_32_4
value_33_0,value_33_1,value_33_2,value_33_3,value_33_4
value_34_0,value_34_1,value_34_2,value_34_3,value_34_4
value_35_0,value_35_1,value_35_2,value_35_3,value_35_4
value_36_0,value_36_1,value_36_2,value_36_3,value_36_4
value_37_0,value_37_1,value_37_2,value_37_3,value_37_4
value_38_0,value_38_1,value_38_2,value_38_3,value_38_4
value_39_0,value_39_1,value_39_2,value_39_3,value_39_4
value_40_0,value_40_1,value_40_2,value_40_3,value_40_4
value_41_0,value_41_1,value_41_2,value_41_3,value_41_4
value_42_0,value_42_1,value_42_2,value_42_3,value_42_4
value_43_0,value_43_1,value_43_2,value_43_3,value_43_4
value_44_0,value_44_1,value_44_2,value_44_3,value_44_4
value_45_0,value_45_1,value_45_2,value_45_3,value_45_4
value_46_0,value_46_1,value_46_2,value_46_3,value_46_4
value_47_0,value_47_1,value_47_2,value_47_3,value_47_4
value_48_0,value_48_1,value_48_2,value_48_3,value_48_4
value_49_0,value_49_1,value_49_2,value_49_3,value_49_4
value_50_0,value_50_1,value_50_2,value_50_3,value_50_4
value_51_0,value_51_1,value_51_2,value_51_3,value_51_4
value_52_0,value_52_1,value_52_2,value_52_3,value_52_4
value_53_0,value_53_1,value_53_2,value_53_3,value_53_4
value_54_0,value_54_1,value_54_2,value_54_3,value_54_4
value_55_0,value_55_1,value_55_2,value_55_3,value_55_4
value_56_0,value_56_1,value_56_2,value_56_3,value_56_4
value_57_0,value_57_1,value_57_2,value_57_3,value_57_4
value_58_0,value_58_1,value_58_2,value_58_3,value_58_4
value_59_0,value_59_1,value_59_2,value_59_3,value_59_4
value_60_0,value_60_1,value_60_2,value_60_3,value_60_4
value_61_0,value_61_1,value_61_2,value_61_3,value_61_4
value_62_0,value_62_1,value_62_2,value_62_3,value_62_4
value_63_0,value_63_1,value_63_2,value_63_3,value_63_4
value_64_0,value_64_1,value_64_2,value_64_3,value_64_4
value_65_0,value_65_1,value_65_2,value_65_3,value_65_4
value_66_0,value_66_1,value_66_2,value_66_3,value_66_4
value_67_0,value_67_1,value_67_2,value_67_3,value_67_4
value_68_0,value_68_1,value_68_2,value_68_3,value_68_4
value_69_0,value_69_1,value_69_2,value_69_3,value_69_4
value_70_0,value_70_1,value_70_2,value_70_3,value_70_4
value_71_0,value_71_1,value_71_2,value_71_3,value_71_4
value_72_0,value_72_1,value_72_2,value_72_3,value_72_4
value_73_0,value_73_1,value_73_2,value_73_3,value_73_4
value_74_0,value_74_1,value_74_2,value_74_3,value_74_4
value_75_0,value_75_1,value_75_2,value_75_3,value_75_4
value_76_0,value_76_1,value_76_2,value_76_3,value_76_4
value_77_0,value_77_1,value_77_2,value_77_3,value_77_4
value_78_0,value_78_1,value_78_2,value_78_3,value_78_4
value_79_0,value_79_1,value_79_2,value_79_3,value_79_4
value_80_0,value_80_1,value_80_2,value_80_3,value_80_4
value_81_0,value_81_1,value_81_2,value_81_3,value_81_4
value_82_0,value_82_1,value_82_2,value_82_3,value_82_4
value_83_0,value_83_1,value_83_2,value_83_3,value_83_4
value_84_0,value_84_1,value_84_2,value_84_3,value_84_4
value_85_0,value_85_1,value_85_2,value_85_3,value_85_4
value_86_0,value_86_1,value_86_2,value_86_3,value_86_4
value_87_0,value_87_1,value_87_2,value_87_3,value_87_4
value_88_0,value_88_1,value_88_2,value_88_3,value_88_4
value_89_0,value_89_1,value_89_2,value_89_3,value_89_4
value_90_0,value_90_1,value_90_2,value_90_3,value_90_4
value_91_0,value_91_1,value_91_2,value_91_3,value_91_4
value_92_0,value_92_1,value_92_2,value_92_3,value_92_4
value_93_0,value_93_1,value_93_2,value_93_3,value_93_4
value_94_0,value_94_1,value_94_2,value_94_3,value_94_4
value_95_0,value_95_1,value_95_2,value_95_3,value_95_4
value_96_0,value_96_1,value_96_2,value_96_3,value_96_4
value_97_0,value_97_1,value_97_2,value_97_3,value_97_4
value_98_0,value_98_1,value_98_2,value_98_3,value_98_4
value_99_0,value_99_1,value_99_2,value_99_3,value_99_4
value_100_0,value_100_1,value_100_2,value_100_3,value_100_4
value_101_0,value_101_1,value_101_2,value_101_3,value_101_4
value_102_0,value_102_1,value_102_2,value_102_3,value_102_4
value_103_0,value_103_1,value_103_2,value_103_3,value_103_4
value_104_0,value_104_1,value_104_2,value_104_3,value_104_4
value_105_0,value_105_1,value_105_2,value_105_3,value_105_4
value_106_0,value_106_1,value_106_2,value_106_3,value_106_4
value_107_0,value_107_1,value_107_2,value_107_3,value_107_4
value_108_0,value_108_1,value_108_2,value_108_3,value_108_4
value_109_0,value_109_1,value_109_2,value_109_3,value_109_4
value_110_0,value_110_1,value_110_2,value_110_3,value_110_4
value_111_0,value_111_1,value_111_2,value_111_3,value_111_4
value_112_0,value_112_1,value_112_2,value_112_3,value_112_4
value_113_0,value_113_1,value_113_2,value_113_3,value_113_4
value_114_0,value_114_1,value_114_2,value_114_3,value_114_4
value_115_0,value_115_1,value_115_2,value_115_3,value_115_4
value_116_0,value_116_1,value_116_2,value_116_3,value_116_4
value_117_0,value_117_1,value_117_2,value_117_3,value_117_4
value_118_0,value_118_1,value_118_2,value_118_3,value_118_4
value_119_0,value_119_1,value_119_2,value_119_3,value_119_4
value_120_0,value_120_1,value_120_2,value_120_3,value_120_4
value_121_0,value_121_1,value_121_2,value_121_3,value_121_4
value_122_0,value_122_1,value_122_2,value_122_3,value_122_4
value_123_0,value_123_1,value_123_2,value_123_3,value_123_4
value_124_0,value_124_1,value_124_2,value_124_3,value_124_4
value_125_0,value_125_1,value_125_2,value_125_3,value_125_4
value_126_0,value_126_1,value_126_2,value_126_3,value_126_4
value_127_0,value_127_1,value_127_2,value_127_3,value_127_4
value_128_0,value_128_1,value_128_2,value_128_3,value_128_4
value_129_0,value_129_1,value_129_2,value_129_3,value_129_4
value_130_0,value_130_1,value_130_2,value_130_3,value_130_4
value_131_0,value_131_1,value_131_2,value_131_3,value_131_4
value_132_0,value_132_1,value_132_2,value_132_3,value_132_4
value_133_0,value_133_1,value_133_2,value_133_3,value_133_4
value_134_0,value_134_1,value_134_2,value_134_3,value_134_4
value_135_0,value_135_1,value_135_2,value_135_3,value_135_4
value_136_0,value_136_1,value_136_2,value_136_3,value_136_4
value_137_0,value_137_1,value_137_2,value_137_3,value_137_4
value_138_0,value_138_1,value_138_2,value_138_3,value_138_4
value_139_0,value_139_1,value_139_2,value_139_3,value_139_4
value_140_0,value_140_1,value_140_2,value_140_3,value_140_4
value_141_0,value_141_1,value_141_2,value_141_3,value_141_4
value_142_0,value_142_1,value_142_2,value_142_3,value_142_4
value_143_0,value_143_1,value_143_2,value_143_3,value_143_4
value_144_0,value_144_1,value_144_2,value_144_3,value_144_4
value_145_0,value_145_1,value_145_2,value_145_3,value_145_4
value_146_0,value_146_1,value_146_2,value_146_3,value_146_4
value_147_0,value_147_1,value_147_2,value_147_3,value_147_4
value_148_0,value_148_1,value_148_2,value_148_3,value_148_4
value_149_0,value_149_1,value_149_2,value_149_3,value_149_4
value_150_0,value_150_1,value_150_2,value_150_3,value_150_4
value_151_0,value_151_1,value_151_2,value_151_3,value_151_4
value_152_0,value_152_1,value_152_2,value_152_3,value_152_4
value_153_0,value_153_1,value_153_2,value_153_3,value_153_4
value_154_0,value_154_1,value_154_2,value_154_3,value_154_4
value_155_0,value_155_1,value_155_2,value_155_3,value_155_4
value_156_0,value_156_1,value_156_2,value_156_3,value_156_4
value_157_0,value_157_1,value_157_2,value_157_3,value_157_4
value_158_0,value_158_1,value_158_2,value_158_3,value_158_4
value_159_0,value_159_1,value_159_2,value_159_3,value_159_4
value_160_0,value_160_1,value_160_2,value_160_3,value_160_4
value_161_0,value_161_1,value_161_2,value_161_3,value_161_4
value_162_0,value_162_1,value_162_2,value_162_3,value_162_4
value_163_0,value_163_1,value_163_2,value_163_3,value_163_4
value_164_0,value_164_1,value_164_2,value_164_3,value_164_4
value_165_0,value_165_1,value_165_2,value_165_3,value_165_4
value_166_0,value_166_1,value_166_2,value_166_3,value_166_4
value_167_0,value_167_1,value_167_2,value_167_3,value_167_4
value_168_0,value_168_1,value_168_2,value_168_3,value_168_4
value_169_0,value_169_1,value_169_2,value_169_3,value_169_4
value_170_0,value_170_1,value_170_2,value_170_3,value_170_4
value_171_0,value_171_1,value_171_2,value_171_3,value_171_4
value_172_0,value_172_1,value_172_2,value_172_3,value_172_4
value_173_0,value_173_1,value_173_2,value_173_3,value_173_4
value_174_0,value_174_1,value_174_2,value_174_3,value_174_4
value_175_0,value_175_1,value_175_2,value_175_3,value_175_4
value_176_0,value_176_1,value_176_2,value_176_3,value_176_4
value_177_0,value_177_1,value_177_2,value_177_3,value_177_4
value_178_0,value_178_1,value_178_2,value_178_3,value_178_4
value_179_0,value_179_1,value_179_2,value_179_3,value_179_4
value_180_0,value_180_1,value_180_2,value_180_3,value_180_4
value_181_0,value_181_1,value_181_2,value_181_3,value_181_4
value_182_0,value_182_1,value_182_2,value_182_3,value_182_4
value_183_0,value_183_1,value_183_2,value_183_3,value_183_4
value_184_0,value_184_1,value_184_2,value_184_3,value_184_4
value_185_0,value_185_1,value_185_2,value_185_3,value_185_4
value_186_0,value_186_1,value_186_2,value_186_3,value_186_4
value_187_0,value_187_1,value_187_2,value_187_3,value_187_4
value_188_0,value_188_1,value_188_2,value_188_3,value_188_4
value_189_0,value_189_1,value_189_2,value_189_3,value_189_4
value_190_0,value_190_1,value_190_2,value_190_3,value_190_4
value_191_0,value_191_1,value_191_2,value_191_3,value_191_4
value_192_0,value_192_1,value_192_2,value_192_3,value_192_4
value_193_0,value_193_1,value_193_2,value_193_3,value_193_4
value_194_0,value_194_1,value_194_2,value_194_3,value_194_4
value_195_0,value_195_1,value_195_2,value_195_3,value_195_4
value_196_0,value_196_1,value_196_2,value_196_3,value_196_4
value_197_0,value_197_1,value_197_2,value_197_3,value_197_4
value_198_0,value_198_1,value_198_2,value_198_3,value_198_4
value_199_0,value_199_1,value_199_2,value_199_3,value_199_4
value_200_0,value_200_1,value_200_2,value_200_3,value_200_4
value_201_0,value_201_1,value_201_2,value_201_3,value_201_4
value_202_0,value_202_1,value_202_2,value_202_3,value_202_4
value_203_0,value_203_1,value_203_2,value_203_3,value_203_4
value_204_0,value_204_1,value_204_2,value_204_3,value_204_4
value_205_0,value_205_1,value_205_2,value_205_3,value_205_4
value_206_0,value_206_1,value_206_2,value_206_3,value_206_4
value_207_0,value_207_1,value_207_2,value_207_3,value_207_4
value_208_0,value_208_1,value_208_2,value_208_3,value_208_4
value_209_0,value_209_1,value_209_2,value_209_3,value_209_4
value_210_0,value_210_1,value_210_2,value_210_3,value_210_4
value_211_0,value_211_1,value_211_2,value_211_3,value_211_4
value_212_0,value_212_1,value_212_2,value_212_3,value_212_4
value_213_0,value_213_1,value_213_2,value_213_3,value_213_4
value_214_0,value_214_1,value_214_2,value_214_3,value_214_4
value_215_0,value_215_1,value_215_2,value_215_3,value_215_4
value_216_0,value_216_1,value_216_2,value_216_3,value_216_4
value_217_0,value_217_1,value_217_2,value_217_3,value_217_4
value_218_0,value_218_1,value_218_2,value_218_3,value_218_4
value_219_0,value_219_1,value_219_2,value_219_3,value_219_4
value_220_0,value_220_1,value_220_2,value_220_3,value_220_4
value_221_0,value_221_1,value_221_2,value_221_3,value_221_4
value_222_0,value_222_1,value_222_2,value_222_3,value_222_4
value_223_0,value_223_1,value_223_2,value_223_3,value_223_4
value_224_0,value_224_1,value_224_2,value_224_3,value_224_4
value_225_0,value_225_1,value_225_2,value_225_3,value_225_4
value_226_0,value_226_1,value_226_2,value_226_3,value_226_4
value_227_0,value_227_1,value_227_2,value_227_3,value_227_4
value_228_0,value_228_1,value_228_2,value_228_3,value_228_4
value_229_0,value_229_1,value_229_2,value_229_3,value_229_4
value_230_0,value_230_1,value_230_2,value_230_3,value_230_4
value_231_0,value_231_1,value_231_2,value_231_3,value_231_4
value_232_0,value_232_1,value_232_2,value_232_3,value_232_4
value_233_0,value_233_1,value_233_2,value_233_3,value_233_4
value_234_0,value_234_1,value_234_2,value_234_3,value_234_4
value_235_0,value_235_1,value_235_2,value_235_3,value_235_4
value_236_0,value_236_1,value_236_2,value_236_3,value_236_4
value_237_0,value_237_1,value_237_2,value_237_3,value_237_4
value_238_0,value_238_1,value_238_2,value_238_3,value_238_4
value_239_0,value_239_1,value_239_2,value_239_3,value_239_4
value_240_0,value_240_1,value_240_2,value_240_3,value_240_4
value_241_0,value_241_1,value_241_2,value_241_3,value_241_4
value_242_0,value_242_1,value_242_2,value_242_3,value_242_4
value_243_0,value_243_1,value_243_2,value_243_3,value_243_4
value_244_0,value_244_1,value_244_2,value_244_3,value_244_4
value_245_0,value_245_1,value_245_2,value_245_3,value_245_4
value_246_0,value_246_1,value_246_2,value_246_3,value_246_4
value_247_0,value_247_1,value_247_2,value_247_3,value_247_4
value_248_0,value_248_1,value_248_2,value_248_3,value_248_4
value_249_0,value_249_1,value_249_2,value_249_3,value_249_4
value_250_0,value_250_1,value_250_2,value_250_3,value_250_4
value_251_0,value_251_1,value_251_2,value_251_3,value_251_4
value_252_0,value_252_1,value_252_2,value_252_3,value_252_4
value_253_0,value_253_1,value_253_2,value_253_3,value_253_4
value_254_0,value_254_1,value_254_2,value_254_3,value_254_4
value_255_0,value_255_1,value_255_2,value_255_3,value_255_4
value_256_0,value_256_1,value_256_2,value_256_3,value_256_4
value_257_0,value_257_1,value_257_2,value_257_3,value_257_4
value_258_0,value_258_1,value_258_2,value_258_3,value_258_4
value_259_0,value_259_1,value_259_2,value_259_3,value_259_4
value_260_0,value_260_1,value_260_2,value_260_3,value_260_4
value_261_0,value_261_1,value_261_2,value_261_3,value_261_4
value_262_0,value_262_1,value_262_2,value_262_3,value_262_4
value_263_0,value_263_1,value_263_2,value_263_3,value_263_4
value_264_0,value_264_1,value_264_2,value_264_3,value_264_4
value_265_0,value_265_1,value_265_2,value_265_3,value_265_4
value_266_0,value_266_1,value_266_2,value_266_3,value_266_4
value_267_0,value_267_1,value_267_2,value_267_3,value_267_4
value_268_0,value_268_1,value_268_2,value_268_3,value_268_4
value_269_0,value_269_1,value_269_2,value_269_3,value_269_4
value_270_0,value_270_1,value_270_2,value_270_3,value_270_4
value_271_0,value_271_1,value_271_2,value_271_3,value_271_4
value_272_0,value_272_1,value_272_2,value_272_3,value_272_4
value_273_0,value_273_1,value_273_2,value_273_3,value_273_4
value_274_0,value_274_1,value_274_2,value_274_3,value_274_4
value_275_0,value_275_1,value_275_2,value_275_3,value_275_4
value_276_0,value_276_1,value_276_2,value_276_3,value_276_4
value_277_0,value_277_1,value_277_2,value_277_3,value_277_4
value_278_0,value_278_1,value_278_2,value_278_3,value_278_4
value_279_0,value_279_1,value_279_2,value_279_3,value_279_4
value_280_0,value_280_1,value_280_2,value_280_3,value_280_4
value_281_0,value_281_1,value_281_2,value_281_3,value_281_4
value_282_0,value_282_1,value_282_2,value_282_3,value_282_4
value_283_0,value_283_1,value_283_2,value_283_3,value_283_4
value_284_0,value_284_1,value_284_2,value_284_3,value_284_4
value_285_0,value_285_1,value_285_2,value_285_3,value_285_4
value_286_0,value_286_1,value_286_2,value_286_3,value_286_4
value_287_0,value_287_1,value_287_2,value_287_3,value_287_4
value_288_0,value_288_1,value_288_2,value_288_3,value_288_4
value_289_0,value_289_1,value_289_2,value_289_3,value_289_4
value_290_0,value_290_1,value_290_2,value_290_3,value_290_4
value_291_0,value_291_1,value_291_2,value_291_3,value_291_4
value_292_0,value_292_1,value_292_2,value_292_3,value_292_4
value_293_0,value_293_1,value_293_2,value_293_3,value_293_4
value_294_0,value_294_1,value_294_2,value_294_3,value_294_4
value_295_0,value_295_1,value_295_2,value_295_3,value_295_4
value_296_0,value_296_1,value_296_2,value_296_3,value_296_4
value_297_0,value_297_1,value_297_2,value_297_3,value_297_4
value_298_0,value_298_1,value_298_2,value_298_3,value_298_4
value_299_0,value_299_1,value_299_2,value_299_3,value_299_4
value_300_0,value_300_1,value_300_2,value_300_3,value_300_4
value_301_0,value_301_1,value_301_2,value_301_3,value_301_4
value_302_0,value_302_1,value_302_2,value_302_3,value_302_4
value_303_0,value_303_1,value_303_2,value_303_3,value_303_4
value_304_0,value_304_1,value_304_2,value_304_3,value_304_4
value_305_0,value_305_1,value_305_2,value_305_3,value_305_4
value_306_0,value_306_1,value_306_2,value_306_3,value_306_4
value_307_0,value_307_1,value_307_2,value_307_3,value_307_4
value_308_0,value_308_1,value_308_2,value_308_3,value_308_4
value_309_0,value_309_1,value_309_2,value_309_3,value_309_4
value_310_0,value_310_1,value_310_2,value_310_3,value_310_4
value_311_0,value_311_1,value_311_2,value_311_3,value_311_4
value_312_0,value_312_1,value_312_2,value_312_3,value_312_4
value_313_0,value_313_1,value_313_2,value_313_3,value_313_4
value_314_0,value_314_1,value_314_2,value_314_3,value_314_4
value_315_0,value_315_1,value_315_2,value_315_3,value_315_4
value_316_0,value_316_1,value_316_2,value_316_3,value_316_4
value_317_0,value_317_1,value_317_2,value_317_3,value_317_4
value_318_0,value_318_1,value_318_2,value_318_3,value_318_4
value_319_0,value_319_1,value_319_2,value_319_3,value_319_4
value_320_0,value_320_1,value_320_2,value_320_3,value_320_4
value_321_0,value_321_1,value_321_2,value_321_3,value_321_4
value_322_0,value_322_1,value_322_2,value_322_3,value_322_4
value_323_0,value_323_1,value_323_2,value_323_3,value_323_4
value_324_0,value_324_1,value_324_2,value_324_3,value_324_4
value_325_0,value_325_1,value_325_2,value_325_3,value_325_4
value_326_0,value_326_1,value_326_2,value_326_3,value_326_4
value_327_0,value_327_1,value_327_2,value_327_3,value_327_4
value_328_0,value_328_1,value_328_2,value_328_3,value_328_4
value_329_0,value_329_1,value_329_2,value_329_3,value_329_4
value_330_0,value_330_1,value_330_2,value_330_3,value_330_4
value_331_0,value_331_1,value_331_2,value_331_3,value_331_4
value_332_0,value_332_1,value_332_2,value_332_3,value_332_4
value_333_0,value_333_1,value_333_2,value_333_3,value_333_4
value_334_0,value_334_1,value_334_2,value_334_3,value_334_4
value_335_0,value_335_1,value_335_2,value_335_3,value_335_4
value_336_0,value_336_1,value_336_2,value_336_3,value_336_4
value_337_0,value_337_1,value_337_2,value_337_3,value_337_4
value_338_0,value_338_1,value_338_2,value_338_3,value_338_4
value_339_0,value_339_1,value_339_2,value_339_3,value_339_4
value_340_0,value_340_1,value_340_2,value_340_3,value_340_4
value_341_0,value_341_1,value_341_2,value_341_3,value_341_4
value_342_0,value_342_1,value_342_2,value_342_3,value_342_4
value_343_0,value_343_1,value_343_2,value_343_3,value_343_4
value_344_0,value_344_1,value_344_2,value_344_3,value_344_4
value_345_0,value_345_1,value_345_2,value_345_3,value_345_4
value_346_0,value_346_1,value_346_2,value_346_3,value_346_4
value_347_0,value_347_1,value_347_2,value_347_3,value_347_4
value_348_0,value_348_1,value_348_2,value_348_3,value_348_4
value_349_0,value_349_1,value_349_2,value_349_3,value_349_4
value_350_0,value_350_1,value_350_2,value_350_3,value_350_4
value_351_0,value_351_1,value_351_2,value_351_3,value_351_4
value_352_0,value_352_1,value_352_2,value_352_3,value_352_4
value_353_0,value_353_1,value_353_2,value_353_3,value_353_4
value_354_0,value_354_1,value_354_2,value_354_3,value_354_4
value_355_0,value_355_1,value_355_2,value_355_3,value_355_4
value_356_0,value_356_1,value_356_2,value_356_3,value_356_4
value_357_0,value_357_1,value_357_2,value_357_3,value_357_4
value_358_0,value_358_1,value_358_2,value_358_3,value_358_4
value_359_0,value_359_1,value_359_2,value_359_3,value_359_4
value_360_0,value_360_1,value_360_2,value_360_3,value_360_4
value_361_0,value_361_1,value_361_2,value_361_3,value_361_4
value_362_0,value_362_1,value_362_2,value_362_3,value_362_4
value_363_0,value_363_1,value_363_2,value_363_3,value_363_4
value_364_0,value_364_1,value_364_2,value_364_3,value_364_4
value_365_0,value_365_1,value_365_2,value_365_3,value_365_4
value_366_0,value_366_1,value_366_2,value_366_3,value_366_4
value_367_0,value_367_1,value_367_2,value_367_3,value_367_4
value_368_0,value_368_1,value_368_2,value_368_3,value_368_4
value_369_0,value_369_1,value_369_2,value_369_3,value_369_4
value_370_0,value_370_1,value_370_2,value_370_3,value_370_4
value_371_0,value_371_1,value_371_2,value_371_3,value_371_4
value_372_0,value_372_1,value_372_2,value_372_3,value_372_4
value_373_0,value_373_1,value_373_2,value_373_3,value_373_4
value_374_0,value_374_1,value_374_2,value_374_3,value_374_4
value_375_0,value_375_1,value_375_2,value_375_3,value_375_4
value_376_0,value_376_1,value_376_2,value_376_3,value_376_4
value_377_0,value_377_1,value_377_2,value_377_3,value_377_4
value_378_0,value_378_1,value_378_2,value_378_3,value_378_4
value_379_0,value_379_1,value_379_2,value_379_3,value_379_4
value_380_0,value_380_1,value_380_2,value_380_3,value_380_4
value_381_0,value_381_1,value_381_2,value_381_3,value_381_4
value_382_0,value_382_1,value_382_2,value_382_3,value_382_4
value_383_0,value_383_1,value_383_2,value_383_3,value_383_4
value_384_0,value_384_1,value_384_2,value_384_3,value_384_4
value_385_0,value_385_1,value_385_2,value_385_3,value_385_4
value_386_0,value_386_1,value_386_2,value_386_3,value_386_4
value_387_0,value_387_1,value_387_2,value_387_3,value_387_4
value_388_0,value_388_1,value_388_2,value_388_3,value_388_4
value_389_0,value_389_1,value_389_2,value_389_3,value_389_4
value_390_0,value_390_1,value_390_2,value_390_3,value_390_4
value_391_0,value_391_1,value_391_2,value_391_3,value_391_4
value_392_0,value_392_1,value_392_2,value_392_3,value_392_4
value_393_0,value_393_1,value_393_2,value_393_3,value_393_4
value_394_0,value_394_1,value_394_2,value_394_3,value_394_4
value_395_0,value_395_1,value_395_2,value_395_3,value_395_4
value_396_0,value_396_1,value_396_2,value_396_3,value_396_4
value_397_0,value_397_1,value_397_2,value_397_3,value_397_4
value_398_0,value_398_1,value_398_2,value_398_3,value_398_4
value_399_0,value_399_1,value_399_2,value_399_3,value_399_4
value_400_0,value_400_1,value_400_2,value_400_3,value_400_4
value_401_0,value_401_1,value_401_2,value_401_3,value_401_4
value_402_0,value_402_1,value_402_2,value_402_3,value_402_4
value_403_0,value_403_1,value_403_2,value_403_3,value_403_4
value_404_0,value_404_1,value_404_2,value_404_3,value_404_4
value_405_0,value_405_1,value_405_2,value_405_3,value_405_4
value_406_0,value_406_1,value_406_2,value_406_3,value_406_4
value_407_0,value_407_1,value_407_2,value_407_3,value_407_4
value_408_0,value_408_1,value_408_2,value_408_3,value_408_4
value_409_0,value_409_1,value_409_2,value_409_3,value_409_4
value_410_0,value_410_1,value_410_2,value_410_3,value_410_4
value_411_0,value_411_1,value_411_2,value_411_3,value_411_4
value_412_0,value_412_1,value_412_2,value_412_3,value_412_4
value_413_0,value_413_1,value_413_2,value_413_3,value_413_4
value_414_0,value_414_1,value_414_2,value_414_3,value_414_4
value_415_0,value_415_1,value_415_2,value_415_3,value_415_4
value_416_0,value_416_1,value_416_2,value_416_3,value_416_4
value_417_0,value_417_1,value_417_2,value_417_3,value_417_4
value_418_0,value_418_1,value_418_2,value_418_3,value_418_4
value_419_0,value_419_1,value_419_2,value_419_3,value_419_4
value_420_0,value_420_1,value_420_2,value_420_3,value_420_4
value_421_0,value_421_1,value_421_2,value_421_3,value_421_4
value_422_0,value_422_1,value_422_2,value_422_3,value_422_4
value_423_0,value_423_1,value_423_2,value_423_3,value_423_4
value_424_0,value_424_1,value_424_2,value_424_3,value_424_4
value_425_0,value_425_1,value_425_2,value_425_3,value_425_4
value_426_0,value_426_1,value_426_2,value_426_3,value_426_4
value_427_0,value_427_1,value_427_2,value_427_3,value_427_4
value_428_0,value_428_1,value_428_2,value_428_3,value_428_4
value_429_0,value_429_1,value_429_2,value_429_3,value_429_4
value_430_0,value_430_1,value_430_2,value_430_3,value_430_4
value_431_0,value_431_1,value_431_2,value_431_3,value_431_4
value_432_0,value_432_1,value_432_2,value_432_3,value_432_4
value_433_0,value_433_1,value_433_2,value_433_3,value_433_4
value_434_0,value_434_1,value_434_2,value_434_3,value_434_4
value_435_0,value_435_1,value_435_2,value_435_3,value_435_4
value_436_0,value_436_1,value_436_2,value_436_3,value_436_4
value_437_0,value_437_1,value_437_2,value_437_3,value_437_4
value_438_0,value_438_1,value_438_2,value_438_3,value_438_4
value_439_0,value_439_1,value_439_2,value_439_3,value_439_4
value_440_0,value_440_1,value_440_2,value_440_3,value_440_4
value_441_0,value_441_1,value_441_2,value_441_3,value_441_4
value_442_0,value_442_1,value_442_2,value_442_3,value_442_4
value_443_0,value_443_1,value_443_2,value_443_3,value_443_4
value_444_0,value_444_1,value_444_2,value_444_3,value_444_4
value_445_0,value_445_1,value_445_2,value_445_3,value_445_4
value_446_0,value_446_1,value_446_2,value_446_3,value_446_4
value_447_0,value_447_1,value_447_2,value_447_3,value_447_4
value_448_0,value_448_1,value_448_2,value_448_3,value_448_4
value_449_0,value_449_1,value_449_2,value_449_3,value_449_4
value_450_0,value_450_1,value_450_2,value_450_3,value_450_4
value_451_0,value_451_1,value_451_2,value_451_3,value_451_4
value_452_0,value_452_1,value_452_2,value_452_3,value_452_4
value_453_0,value_453_1,value_453_2,value_453_3,value_453_4
value_454_0,value_454_1,value_454_2,value_454_3,value_454_4
value_455_0,value_455_1,value_455_2,value_455_3,value_455_4
value_456_0,value_456_1,value_456_2,value_456_3,value_456_4
value_457_0,value_457_1,value_457_2,value_457_3,value_457_4
value_458_0,value_458_1,value_458_2,value_458_3,value_458_4
value_459_0,value_459_1,value_459_2,value_459_3,value_459_4
value_460_0,value_460_1,value_460_2,value_460_3,value_460_4
value_461_0,value_461_1,value_461_2,value_461_3,value_461_4
value_462_0,value_462_1,value_462_2,value_462_3,value_462_4
value_463_0,value_463_1,value_463_2,value_463_3,value_463_4
value_464_0,value_464_1,value_464_2,value_464_3,value_464_4
value_465_0,value_465_1,value_465_2,value_465_3,value_465_4
value_466_0,value_466_1,value_466_2,value_466_3,value_466_4
value_467_0,value_467_1,value_467_2,value_467_3,value_467_4
value_468_0,value_468_1,value_468_2,value_468_3,value_468_4
value_469_0,value_469_1,value_469_2,value_469_3,value_469_4
value_470_0,value_470_1,value_470_2,value_470_3,value_470_4
value_471_0,value_471_1,value_471_2,value_471_3,value_471_4
value_472_0,value_472_1,value_472_2,value_472_3,value_472_4
value_473_0,value_473_1,value_473_2,value_473_3,value_473_4
value_474_0,value_474_1,value_474_2,value_474_3,value_474_4
value_475_0,value_475_1,value_475_2,value_475_3,value_475_4
value_476_0,value_476_1,value_476_2,value_476_3,value_476_4
value_477_0,value_477_1,value_477_2,value_477_3,value_477_4
value_478_0,value_478_1,value_478_2,value_478_3,value_478_4
value_479_0,value_479_1,value_479_2,value_479_3,value_479_4
value_480_0,value_480_1,value_480_2,value_480_3,value_480_4
value_481_0,value_481_1,value_481_2,value_481_3,value_481_4
value_482_0,value_482_1,value_482_2,value_482_3,value_482_4
value_483_0,value_483_1,value_483_2,value_483_3,value_483_4
value_484_0,value_484_1,value_484_2,value_484_3,value_484_4
value_485_0,value_485_1,value_485_2,value_485_3,value_485_4
value_486_0,value_486_1,value_486_2,value_486_3,value_486_4
value_487_0,value_487_1,value_487_2,value_487_3,value_487_4
value_488_0,value_488_1,value_488_2,value_488_3,value_488_4
value_489_0,value_489_1,value_489_2,value_489_3,value_489_4
value_490_0,value_490_1,value_490_2,value_490_3,value_490_4
value_491_0,value_491_1,value_491_2,value_491_3,value_491_4
value_492_0,value_492_1,value_492_2,value_492_3,value_492_4
value_493_0,value_493_1,value_493_2,value_493_3,value_493_4
value_494_0,value_494_1,value_494_2,value_494_3,value_494_4
value_495_0,value_495_1,value_495_2,value_495_3,value_495_4
value_496_0,value_496_1,value_496_2,value_496_3,value_496_4
value_497_0,value_497_1,value_497_2,value_497_3,value_497_4
value_498_0,value_498_1,value_498_2,value_498_3,value_498_4
value_499_0,value_499_1,value_499_2,value_499_3,value_499_4
value_500_0,value_500_1,value_500_2,value_500_3,value_500_4
value_501_0,value_501_1,value_501_2,value_501_3,value_501_4
value_502_0,value_502_1,value_502_2,value_502_3,value_502_4
value_503_0,value_503_1,value_503_2,value_503_3,value_503_4
value_504_0,value_504_1,value_504_2,value_504_3,value_504_4
value_505_0,value_505_1,value_505_2,value_505_3,value_505_4
value_506_0,value_506_1,value_506_2,value_506_3,value_506_4
value_507_0,value_507_1,value_507_2,value_507_3,value_507_4
value_508_0,value_508_1,value_508_2,value_508_3,value_508_4
value_509_0,value_509_1,value_509_2,value_509_3,value_509_4
value_510_0,value_510_1,value_510_2,value_510_3,value_510_4
value_511_0,value_511_1,value_511_2,value_511_3,value_511_4
value_512_0,value_512_1,value_512_2,value_512_3,value_512_4
value_513_0,value_513_1,value_513_2,value_513_3,value_513_4
value_514_0,value_514_1,value_514_2,value_514_3,value_514_4
value_515_0,value_515_1,value_515_2,value_515_3,value_515_4
value_516_0,value_516_1,value_516_2,value_516_3,value_516_4
value_517_0,value_517_1,value_517_2,value_517_3,value_517_4
value_518_0,value_518_1,value_518_2,value_518_3,value_518_4
value_519_0,value_519_1,value_519_2,value_519_3,value_519_4
value_520_0,value_520_1,value_520_2,value_520_3,value_520_4
value_521_0,value_521_1,value_521_2,value_521_3,value_521_4
value_522_0,value_522_1,value_522_2,value_522_3,value_522_4
value_523_0,value_523_1,value_523_2,value_523_3,value_523_4
value_524_0,value_524_1,value_524_2,value_524_3,value_524_4
value_525_0,value_525_1,value_525_2,value_525_3,value_525_4
value_526_0,value_526_1,value_526_2,value_526_3,value_526_4
value_527_0,value_527_1,value_527_2,value_527_3,value_527_4
value_528_0,value_528_1,value_528_2,value_528_3,value_528_4
value_529_0,value_529_1,value_529_2,value_529_3,value_529_4
value_530_0,value_530_1,value_530_2,value_530_3,value_530_4
value_531_0,value_531_1,value_531_2,value_531_3,value_531_4
value_532_0,value_532_1,value_532_2,value_532_3,value_532_4
value_533_0,value_533_1,value_533_2,value_533_3,value_533_4
value_534_0,value_534_1,value_534_2,value_534_3,value_534_4
value_535_0,value_535_1,value_535_2,value_535_3,value_535_4
value_536_0,value_536_1,value_536_2,value_536_3,value_536_4
value_537_0,value_537_1,value_537_2,value_537_3,value_537_4
value_538_0,value_538_1,value_538_2,value_538_3,value_538_4
value_539_0,value_539_1,value_539_2,value_539_3,value_539_4
value_540_0,value_540_1,value_540_2,value_540_3,value_540_4
value_541_0,value_541_1,value_541_2,value_541_3,value_541_4
value_542_0,value_542_1,value_542_2,value_542_3,value_542_4
value_543_0,value_543_1,value_543_2,value_543_3,value_543_4
value_544_0,value_544_1,value_544_2,value_544_3,value_544_4
value_545_0,value_545_1,value_545_2,value_545_3,value_545_4
value_546_0,value_546_1,value_546_2,value_546_3,value_546_4
value_547_0,value_547_1,value_547_2,value_547_3,value_547_4
value_548_0,value_548_1,value_548_2,value_548_3,value_548_4
value_549_0,value_549_1,value_549_2,value_549_3,value_549_4
value_550_0,value_550_1,value_550_2,value_550_3,value_550_4
value_551_0,value_551_1,value_551_2,value_551_3,value_551_4
value_552_0,value_552_1,value_552_2,value_552_3,value_552_4
value_553_0,value_553_1,value_553_2,value_553_3,value_553_4
value_554_0,value_554_1,value_554_2,value_554_3,value_554_4
value_555_0,value_555_1,value_555_2,value_555_3,value_555_4
value_556_0,value_556_1,value_556_2,value_556_3,value_556_4
value_557_0,value_557_1,value_557_2,value_557_3,value_557_4
value_558_0,value_558_1,value_558_2,value_558_3,value_558_4
value_559_0,value_559_1,value_559_2,value_559_3,value_559_4
value_560_0,value_560_1,value_560_2,value_560_3,value_560_4
value_561_0,value_561_1,value_561_2,value_561_3,value_561_4
value_562_0,value_562_1,value_562_2,value_562_3,value_562_4
value_563_0,value_563_1,value_563_2,value_563_3,value_563_4
value_564_0,value_564_1,value_564_2,value_564_3,value_564_4
value_565_0,value_565_1,value_565_2,value_565_3,value_565_4
value_566_0,value_566_1,value_566_2,value_566_3,value_566_4
value_567_0,value_567_1,value_567_2,value_567_3,value_567_4
value_568_0,value_568_1,value_568_2,value_568_3,value_568_4
value_569_0,value_569_1,value_569_2,value_569_3,value_569_4
value_570_0,value_570_1,value_570_2,value_570_3,value_570_4
value_571_0,value_571_1,value_571_2,value_571_3,value_571_4
value_572_0,value_572_1,value_572_2,value_572_3,value_572_4
value_573_0,value_573_1,value_573_2,value_573_3,value_573_4
value_574_0,value_574_1,value_574_2,value_574_3,value_574_4
value_575_0,value_575_1,value_575_2,value_575_3,value_575_4
value_576_0,value_576_1,value_576_2,value_576_3,value_576_4
value_577_0,value_577_1,value_577_2,value_577_3,value_577_4
value_578_0,value_578_1,value_578_2,value_578_3,value_578_4
value_579_0,value_579_1,value_579_2,value_579_3,value_579_4
value_580_0,value_580_1,value_580_2,value_580_3,value_580_4
value_581_0,value_581_1,value_581_2,value_581_3,value_581_4
value_582_0,value_582_1,value_582_2,value_582_3,value_582_4
value_583_0,value_583_1,value_583_2,value_583_3,value_583_4
value_584_0,value_584_1,value_584_2,value_584_3,value_584_4
value_585_0,value_585_1,value_585_2,value_585_3,value_585_4
value_586_0,value_586_1,value_586_2,value_586_3,value_586_4
value_587_0,value_587_1,value_587_2,value_587_3,value_587_4
value_588_0,value_588_1,value_588_2,value_588_3,value_588_4
value_589_0,value_589_1,value_589_2,value_589_3,value_589_4
value_590_0,value_590_1,value_590_2,value_590_3,value_590_4
value_591_0,value_591_1,value_591_2,value_591_3,value_591_4
value_592_0,value_592_1,value_592_2,value_592_3,value_592_4
value_593_0,value_593_1,value_593_2,value_593_3,value_593_4
value_594_0,value_594_1,value_594_2,value_594_3,value_594_4
value_595_0,value_595_1,value_595_2,value_595_3,value_595_4
value_596_0,value_596_1,value_596_2,value_596_3,value_596_4
value_597_0,value_597_1,value_597_2,value_597_3,value_597_4
value_598_0,value_598_1,value_598_2,value_598_3,value_598_4
value_599_0,value_599_1,value_599_2,value_599_3,value_599_4
value_600_0,value_600_1,value_600_2,value_600_3,value_600_4
value_601_0,value_601_1,value_601_2,value_601_3,value_601_4
value_602_0,value_602_1,value_602_2,value_602_3,value_602_4
value_603_0,value_603_1,value_603_2,value_603_3,value_603_4
value_604_0,value_604_1,value_604_2,value_604_3,value_604_4
value_605_0,value_605_1,value_605_2,value_605_3,value_605_4
value_606_0,value_606_1,value_606_2,value_606_3,value_606_4
value_607_0,value_607_1,value_607_2,value_607_3,value_607_4
value_608_0,value_608_1,value_608_2,value_608_3,value_608_4
value_609_0,value_609_1,value_609_2,value_609_3,value_609_4
value_610_0,value_610_1,value_610_2,value_610_3,value_610_4
value_611_0,value_611_1,value_611_2,value_611_3,value_611_4
value_612_0,value_612_1,value_612_2,value_612_3,value_612_4
value_613_0,value_613_1,value_613_2,value_613_3,value_613_4
value_614_0,value_614_1,value_614_2,value_614_3,value_614_4
value_615_0,value_615_1,value_615_2,value_615_3,value_615_4
value_616_0,value_616_1,value_616_2,value_616_3,value_616_4
value_617_0,value_617_1,value_617_2,value_617_3,value_617_4
value_618_0,value_618_1,value_618_2,value_618_3,value_618_4
value_619_0,value_619_1,value_619_2,value_619_3,value_619_4
value_620_0,value_620_1,value_620_2,value_620_3,value_620_4
value_621_0,value_621_1,value_621_2,value_621_3,value_621_4
value_622_0,value_622_1,value_622_2,value_622_3,value_622_4
value_623_0,value_623_1,value_623_2,value_623_3,value_623_4
value_624_0,value_624_1,value_624_2,value_624_3,value_624_4
value_625_0,value_625_1,value_625_2,value_625_3,value_625_4
value_626_0,value_626_1,value_626_2,value_626_3,value_626_4
value_627_0,value_627_1,value_627_2,value_627_3,value_627_4
value_628_0,value_628_1,value_628_2,value_628_3,value_628_4
value_629_0,value_629_1,value_629_2,value_629_3,value_629_4
value_630_0,value_630_1,value_630_2,value_630_3,value_630_4
value_631_0,value_631_1,value_631_2,value_631_3,value_631_4
value_632_0,value_632_1,value_632_2,value_632_3,value_632_4
value_633_0,value_633_1,value_633_2,value_633_3,value_633_4
value_634_0,value_634_1,value_634_2,value_634_3,value_634_4
value_635_0,value_635_1,value_635_2,value_635_3,value_635_4
value_636_0,value_636_1,value_636_2,value_636_3,value_636_4
value_637_0,value_637_1,value_637_2,value_637_3,value_637_4
value_638_0,value_638_1,value_638_2,value_638_3,value_638_4
value_639_0,value_639_1,value_639_2,value_639_3,value_639_4
value_640_0,value_640_1,value_640_2,value_640_3,value_640_4
value_641_0,value_641_1,value_641_2,value_641_3,value_641_4
value_642_0,value_642_1,value_642_2,value_642_3,value_642_4
value_643_0,value_643_1,value_643_2,value_643_3,value_643_4
value_644_0,value_644_1,value_644_2,value_644_3,value_644_4
value_645_0,value_645_1,value_645_2,value_645_3,value_645_4
value_646_0,value_646_1,value_646_2,value_646_3,value_646_4
value_647_0,value_647_1,value_647_2,value_647_3,value_647_4
value_648_0,value_648_1,value_648_2,value_648_3,value_648_4
value_649_0,value_649_1,value_649_2,value_649_3,value_649_4
value_650_0,value_650_1,value_650_2,value_650_3,value_650_4
value_651_0,value_651_1,value_651_2,value_651_3,value_651_4
value_652_0,value_652_1,value_652_2,value_652_3,value_652_4
value_653_0,value_653_1,value_653_2,value_653_3,value_653_4
value_654_0,value_654_1,value_654_2,value_654_3,value_654_4
value_655_0,value_655_1,value_655_2,value_655_3,value_655_4
value_656_0,value_656_1,value_656_2,value_656_3,value_656_4
value_657_0,value_657_1,value_657_2,value_657_3,value_657_4
value_658_0,value_658_1,value_658_2,value_658_3,value_658_4
value_659_0,value_659_1,value_659_2,value_659_3,value_659_4
value_660_0,value_660_1,value_660_2,value_660_3,value_660_4
value_661_0,value_661_1,value_661_2,value_661_3,value_661_4
value_662_0,value_662_1,value_662_2,value_662_3,value_662_4
value_663_0,value_663_1,value_663_2,value_663_3,value_663_4
value_664_0,value_664_1,value_664_2,value_664_3,value_664_4
value_665_0,value_665_1,value_665_2,value_665_3,value_665_4
value_666_0,value_666_1,value_666_2,value_666_3,value_666_4
value_667_0,value_667_1,value_667_2,value_667_3,value_667_4
value_668_0,value_668_1,value_668_2,value_668_3,value_668_4
value_669_0,value_669_1,value_669_2,value_669_3,value_669_4
value_670_0,value_670_1,value_670_2,value_670_3,value_670_4
value_671_0,value_671_1,value_671_2,value_671_3,value_671_4
value_672_0,value_672_1,value_672_2,value_672_3,value_672_4
value_673_0,value_673_1,value_673_2,value_673_3,value_673_4
value_674_0,value_674_1,value_674_2,value_674_3,value_674_4
value_675_0,value_675_1,value_675_2,value_675_3,value_675_4
value_676_0,value_676_1,value_676_2,value_676_3,value_676_4
value_677_0,value_677_1,value_677_2,value_677_3,value_677_4
value_678_0,value_678_1,value_678_2,value_678_3,value_678_4
value_679_0,value_679_1,value_679_2,value_679_3,value_679_4
value_680_0,value_680_1,value_680_2,value_680_3,value_680_4
value_681_0,value_681_1,value_681_2,value_681_3,value_681_4
value_682_0,value_682_1,value_682_2,value_682_3,value_682_4
value_683_0,value_683_1,value_683_2,value_683_3,value_683_4
value_684_0,value_684_1,value_684_2,value_684_3,value_684_4
value_685_0,value_685_1,value_685_2,value_685_3,value_685_4
value_686_0,value_686_1,value_686_2,value_686_3,value_686_4
value_687_0,value_687_1,value_687_2,value_687_3,value_687_4
value_688_0,value_688_1,value_688_2,value_688_3,value_688_4
value_689_0,value_689_1,value_689_2,value_689_3,value_689_4
value_690_0,value_690_1,value_690_2,value_690_3,value_690_4
value_691_0,value_691_1,value_691_2,value_691_3,value_691_4
value_692_0,value_692_1,value_692_2,value_692_3,value_692_4
value_693_0,value_693_1,value_693_2,value_693_3,value_693_4
value_694_0,value_694_1,value_694_2,value_694_3,value_694_4
value_695_0,value_695_1,value_695_2,value_695_3,value_695_4
value_696_0,value_696_1,value_696_2,value_696_3,value_696_4
value_697_0,value_697_1,value_697_2,value_697_3,value_697_4
value_698_0,value_698_1,value_698_2,value_698_3,value_698_4
value_699_0,value_699_1,value_699_2,value_699_3,value_699_4
value_700_0,value_700_1,value_700_2,value_700_3,value_700_4
value_701_0,value_701_1,value_701_2,value_701_3,value_701_4
value_702_0,value_702_1,value_702_2,value_702_3,value_702_4
value_703_0,value_703_1,value_703_2,value_703_3,value_703_4
value_704_0,value_704_1,value_704_2,value_704_3,value_704_4
value_705_0,value_705_1,value_705_2,value_705_3,value_705_4
value_706_0,value_706_1,value_706_2,value_706_3,value_706_4
value_707_0,value_707_1,value_707_2,value_707_3,value_707_4
value_708_0,value_708_1,value_708_2,value_708_3,value_708_4
value_709_0,value_709_1,value_709_2,value_709_3,value_709_4
value_710_0,value_710_1,value_710_2,value_710_3,value_710_4
value_711_0,value_711_1,value_711_2,value_711_3,value_711_4
value_712_0,value_712_1,value_712_2,value_712_3,value_712_4
value_713_0,value_713_1,value_713_2,value_713_3,value_713_4
value_714_0,value_714_1,value_714_2,value_714_3,value_714_4
value_715_0,value_715_1,value_715_2,value_715_3,value_715_4
value_716_0,value_716_1,value_716_2,value_716_3,value_716_4
value_717_0,value_717_1,value_717_2,value_717_3,value_717_4
value_718_0,value_718_1,value_718_2,value_718_3,value_718_4
value_719_0,value_719_1,value_719_2,value_719_3,value_719_4
value_720_0,value_720_1,value_720_2,value_720_3,value_720_4
value_721_0,value_721_1,value_721_2,value_721_3,value_721_4
value_722_0,value_722_1,value_722_2,value_722_3,value_722_4
value_723_0,value_723_1,value_723_2,value_723_3,value_723_4
value_724_0,value_724_1,value_724_2,value_724_3,value_724_4
value_725_0,value_725_1,value_725_2,value_725_3,value_725_4
value_726_0,value_726_1,value_726_2,value_726_3,value_726_4
value_727_0,value_727_1,value_727_2,value_727_3,value_727_4
value_728_0,value_728_1,value_728_2,value_728_3,value_728_4
value_729_0,value_729_1,value_729_2,value_729_3,value_729_4
value_730_0,value_730_1,value_730_2,value_730_3,value_730_4
value_731_0,value_731_1,value_731_2,value_731_3,value_731_4
value_732_0,value_732_1,value_732_2,value_732_3,value_732_4
value_733_0,value_733_1,value_733_2,value_733_3,value_733_4
value_734_0,value_734_1,value_734_2,value_734_3,value_734_4
value_735_0,value_735_1,value_735_2,value_735_3,value_735_4
value_736_0,value_736_1,value_736_2,value_736_3,value_736_4
value_737_0,value_737_1,value_737_2,value_737_3,value_737_4
value_738_0,value_738_1,value_738_2,value_738_3,value_738_4
value_739_0,value_739_1,value_739_2,value_739_3,value_739_4
value_740_0,value_740_1,value_740_2,value_740_3,value_740_4
value_741_0,value_741_1,value_741_2,value_741_3,value_741_4
value_742_0,value_742_1,value_742_2,value_742_3,value_742_4
value_743_0,value_743_1,value_743_2,value_743_3,value_743_4
value_744_0,value_744_1,value_744_2,value_744_3,value_744_4
value_745_0,value_745_1,value_745_2,value_745_3,value_745_4
value_746_0,value_746_1,value_746_2,value_746_3,value_746_4
value_747_0,value_747_1,value_747_2,value_747_3,value_747_4
value_748_0,value_748_1,value_748_2,value_748_3,value_748_4
value_749_0,value_749_1,value_749_2,value_749_3,value_749_4
value_750_0,value_750_1,value_750_2,value_750_3,value_750_4
value_751_0,value_751_1,value_751_2,value_751_3,value_751_4
value_752_0,value_752_1,value_752_2,value_752_3,value_752_4
value_753_0,value_753_1,value_753_2,value_753_3,value_753_4
value_754_0,value_754_1,value_754_2,value_754_3,value_754_4
value_755_0,value_755_1,value_755_2,value_755_3,value_755_4
value_756_0,value_756_1,value_756_2,value_756_3,value_756_4
value_757_0,value_757_1,value_757_2,value_757_3,value_757_4
value_758_0,value_758_1,value_758_2,value_758_3,value_758_4
value_759_0,value_759_1,value_759_2,value_759_3,value_759_4
value_760_0,value_760_1,value_760_2,value_760_3,value_760_4
value_761_0,value_761_1,value_761_2,value_761_3,value_761_4
value_762_0,value_762_1,value_762_2,value_762_3,value_762_4
value_763_0,value_763_1,value_763_2,value_763_3,value_763_4
value_764_0,value_764_1,value_764_2,value_764_3,value_764_4
value_765_0,value_765_1,value_765_2,value_765_3,value_765_4
value_766_0,value_766_1,value_766_2,value_766_3,value_766_4
value_767_0,value_767_1,value_767_2,value_767_3,value_767_4
value_768_0,value_768_1,value_768_2,value_768_3,value_768_4
value_769_0,value_769_1,value_769_2,value_769_3,value_769_4
value_770_0,value_770_1,value_770_2,value_770_3,value_770_4
value_771_0,value_771_1,value_771_2,value_771_3,value_771_4
value_772_0,value_772_1,value_772_2,value_772_3,value_772_4
value_773_0,value_773_1,value_773_2,value_773_3,value_773_4
value_774_0,value_774_1,value_774_2,value_774_3,value_774_4
value_775_0,value_775_1,value_775_2,value_775_3,value_775_4
value_776_0,value_776_1,value_776_2,value_776_3,value_776_4
value_777_0,value_777_1,value_777_2,value_777_3,value_777_4
value_778_0,value_778_1,value_778_2,value_778_3,value_778_4
value_779_0,value_779_1,value_779_2,value_779_3,value_779_4
value_780_0,value_780_1,value_780_2,value_780_3,value_780_4
value_781_0,value_781_1,value_781_2,value_781_3,value_781_4
value_782_0,value_782_1,value_782_2,value_782_3,value_782_4
value_783_0,value_783_1,value_783_2,value_783_3,value_783_4
value_784_0,value_784_1,value_784_2,value_784_3,value_784_4
value_785_0,value_785_1,value_785_2,value_785_3,value_785_4
value_786_0,value_786_1,value_786_2,value_786_3,value_786_4
value_787_0,value_787_1,value_787_2,value_787_3,value_787_4
value_788_0,value_788_1,value_788_2,value_788_3,value_788_4
value_789_0,value_789_1,value_789_2,value_789_3,value_789_4
value_790_0,value_790_1,value_790_2,value_790_3,value_790_4
value_791_0,value_791_1,value_791_2,value_791_3,value_791_4
value_792_0,value_792_1,value_792_2,value_792_3,value_792_4
value_793_0,value_793_1,value_793_2,value_793_3,value_793_4
value_794_0,value_794_1,value_794_2,value_794_3,value_794_4
value_795_0,value_795_1,value_795_2,value_795_3,value_795_4
value_796_0,value_796_1,value_796_2,value_796_3,value_796_4
value_797_0,value_797_1,value_797_2,value_797_3,value_797_4
value_798_0,value_798_1,value_798_2,value_798_3,value_798_4
value_799_0,value_799_1,value_799_2,value_799_3,value_799_4
value_800_0,value_800_1,value_800_2,value_800_3,value_800_4
value_801_0,value_801_1,value_801_2,value_801_3,value_801_4
value_802_0,value_802_1,value_802_2,value_802_3,value_802_4
value_803_0,value_803_1,value_803_2,value_803_3,value_803_4
value_804_0,value_804_1,value_804_2,value_804_3,value_804_4
value_805_0,value_805_1,value_805_2,value_805_3,value_805_4
value_806_0,value_806_1,value_806_2,value_806_3,value_806_4
value_807_0,value_807_1,value_807_2,value_807_3,value_807_4
value_808_0,value_808_1,value_808_2,value_808_3,value_808_4
value_809_0,value_809_1,value_809_2,value_809_3,value_809_4
value_810_0,value_810_1,value_810_2,value_810_3,value_810_4
value_811_0,value_811_1,value_811_2,value_811_3,value_811_4
value_812_0,value_812_1,value_812_2,value_812_3,value_812_4
value_813_0,value_813_1,value_813_2,value_813_3,value_813_4
value_814_0,value_814_1,value_814_2,value_814_3,value_814_4
value_815_0,value_815_1,value_815_2,value_815_3,value_815_4
value_816_0,value_816_1,value_816_2,value_816_3,value_816_4
value_817_0,value_817_1,value_817_2,value_817_3,value_817_4
value_818_0,value_818_1,value_818_2,value_818_3,value_818_4
value_819_0,value_819_1,value_819_2,value_819_3,value_819_4
value_820_0,value_820_1,value_820_2,value_820_3,value_820_4
value_821_0,value_821_1,value_821_2,value_821_3,value_821_4
value_822_0,value_822_1,value_822_2,value_822_3,value_822_4
value_823_0,value_823_1,value_823_2,value_823_3,value_823_4
value_824_0,value_824_1,value_824_2,value_824_3,value_824_4
value_825_0,value_825_1,value_825_2,value_825_3,value_825_4
value_826_0,value_826_1,value_826_2,value_826_3,value_826_4
value_827_0,value_827_1,value_827_2,value_827_3,value_827_4
value_828_0,value_828_1,value_828_2,value_828_3,value_828_4
value_829_0,value_829_1,value_829_2,value_829_3,value_829_4
value_830_0,value_830_1,value_830_2,value_830_3,value_830_4
value_831_0,value_831_1,value_831_2,value_831_3,value_831_4
value_832_0,value_832_1,value_832_2,value_832_3,value_832_4
value_833_0,value_833_1,value_833_2,value_833_3,value_833_4
value_834_0,value_834_1,value_834_2,value_834_3,value_834_4
value_835_0,value_835_1,value_835_2,value_835_3,value_835_4
value_836_0,value_836_1,value_836_2,value_836_3,value_836_4
value_837_0,value_837_1,value_837_2,value_837_3,value_837_4
value_838_0,value_838_1,value_838_2,value_838_3,value_838_4
value_839_0,value_839_1,value_839_2,value_839_3,value_839_4
value_840_0,value_840_1,value_840_2,value_840_3,value_840_4
value_841_0,value_841_1,value_841_2,value_841_3,value_841_4
value_842_0,value_842_1,value_842_2,value_842_3,value_842_4
value_843_0,value_843_1,value_843_2,value_843_3,value_843_4
value_844_0,value_844_1,value_844_2,value_844_3,value_844_4
value_845_0,value_845_1,value_845_2,value_845_3,value_845_4
value_846_0,value_846_1,value_846_2,value_846_3,value_846_4
value_847_0,value_847_1,value_847_2,value_847_3,value_847_4
value_848_0,value_848_1,value_848_2,value_848_3,value_848_4
value_849_0,value_849_1,value_849_2,value_849_3,value_849_4
value_850_0,value_850_1,value_850_2,value_850_3,value_850_4
value_851_0,value_851_1,value_851_2,value_851_3,value_851_4
value_852_0,value_852_1,value_852_2,value_852_3,value_852_4
value_853_0,value_853_1,value_853_2,value_853_3,value_853_4
value_854_0,value_854_1,value_854_2,value_854_3,value_854_4
value_855_0,value_855_1,value_855_2,value_855_3,value_855_4
value_856_0,value_856_1,value_856_2,value_856_3,value_856_4
value_857_0,value_857_1,value_857_2,value_857_3,value_857_4
value_858_0,value_858_1,value_858_2,value_858_3,value_858_4
value_859_0,value_859_1,value_859_2,value_859_3,value_859_4
value_860_0,value_860_1,value_860_2,value_860_3,value_860_4
value_861_0,value_861_1,value_861_2,value_861_3,value_861_4
value_862_0,value_862_1,value_862_2,value_862_3,value_862_4
value_863_0,value_863_1,value_863_2,value_863_3,value_863_4
value_864_0,value_864_1,value_864_2,value_864_3,value_864_4
value_865_0,value_865_1,value_865_2,value_865_3,value_865_4
value_866_0,value_866_1,value_866_2,value_866_3,value_866_4
value_867_0,value_867_1,value_867_2,value_867_3,value_867_4
value_868_0,value_868_1,value_868_2,value_868_3,value_868_4
value_869_0,value_869_1,value_869_2,value_869_3,value_869_4
value_870_0,value_870_1,value_870_2,value_870_3,value_870_4
value_871_0,value_871_1,value_871_2,value_871_3,value_871_4
value_872_0,value_872_1,value_872_2,value_872_3,value_872_4
value_873_0,value_873_1,value_873_2,value_873_3,value_873_4
value_874_0,value_874_1,value_874_2,value_874_3,value_874_4
value_875_0,value_875_1,value_875_2,value_875_3,value_875_4
value_876_0,value_876_1,value_876_2,value_876_3,value_876_4
value_877_0,value_877_1,value_877_2,value_877_3,value_877_4
value_878_0,value_878_1,value_878_2,value_878_3,value_878_4
value_879_0,value_879_1,value_879_2,value_879_3,value_879_4
value_880_0,value_880_1,value_880_2,value_880_3,value_880_4
value_881_0,value_881_1,value_881_2,value_881_3,value_881_4
value_882_0,value_882_1,value_882_2,value_882_3,value_882_4
value_883_0,value_883_1,value_883_2,value_883_3,value_883_4
value_884_0,value_884_1,value_884_2,value_884_3,value_884_4
value_885_0,value_885_1,value_885_2,value_885_3,value_885_4
value_886_0,value_886_1,value_886_2,value_886_3,value_886_4
value_887_0,value_887_1,value_887_2,value_887_3,value_887_4
value_888_0,value_888_1,value_888_2,value_888_3,value_888_4
value_889_0,value_889_1,value_889_2,value_889_3,value_889_4
value_890_0,value_890_1,value_890_2,value_890_3,value_890_4
value_891_0,value_891_1,value_891_2,value_891_3,value_891_4
value_892_0,value_892_1,value_892_2,value_892_3,value_892_4
value_893_0,value_893_1,value_893_2,value_893_3,value_893_4
value_894_0,value_894_1,value_894_2,value_894_3,value_894_4
value_895_0,value_895_1,value_895_2,value_895_3,value_895_4
value_896_0,value_896_1,value_896_2,value_896_3,value_896_4
value_897_0,value_897_1,value_897_2,value_897_3,value_897_4
value_898_0,value_898_1,value_898_2,value_898_3,value_898_4
value_899_0,value_899_1,value_899_2,value_899_3,value_899_4
value_900_0,value_900_1,value_900_2,value_900_3,value_900_4
value_901_0,value_901_1,value_901_2,value_901_3,value_901_4
value_902_0,value_902_1,value_902_2,value_902_3,value_902_4
value_903_0,value_903_1,value_903_2,value_903_3,value_903_4
value_904_0,value_904_1,value_904_2,value_904_3,value_904_4
value_905_0,value_905_1,value_905_2,value_905_3,value_905_4
value_906_0,value_906_1,value_906_2,value_906_3,value_906_4
value_907_0,value_907_1,value_907_2,value_907_3,value_907_4
value_908_0,value_908_1,value_908_2,value_908_3,value_908_4
value_909_0,value_909_1,value_909_2,value_909_3,value_909_4
value_910_0,value_910_1,value_910_2,value_910_3,value_910_4
value_911_0,value_911_1,value_911_2,value_911_3,value_911_4
value_912_0,value_912_1,value_912_2,value_912_3,value_912_4
value_913_0,value_913_1,value_913_2,value_913_3,value_913_4
value_914_0,value_914_1,value_914_2,value_914_3,value_914_4
value_915_0,value_915_1,value_915_2,value_915_3,value_915_4
value_916_0,value_916_1,value_916_2,value_916_3,value_916_4
value_917_0,value_917_1,value_917_2,value_917_3,value_917_4
value_918_0,value_918_1,value_918_2,value_918_3,value_918_4
value_919_0,value_919_1,value_919_2,value_919_3,value_919_4
value_920_0,value_920_1,value_920_2,value_920_3,value_920_4
value_921_0,value_921_1,value_921_2,value_921_3,value_921_4
value_922_0,value_922_1,value_922_2,value_922_3,value_922_4
value_923_0,value_923_1,value_923_2,value_923_3,value_923_4
value_924_0,value_924_1,value_924_2,value_924_3,value_924_4
value_925_0,value_925_1,value_925_2,value_925_3,value_925_4
value_926_0,value_926_1,value_926_2,value_926_3,value_926_4
value_927_0,value_927_1,value_927_2,value_927_3,value_927_4
value_928_0,value_928_1,value_928_2,value_928_3,value_928_4
value_929_0,value_929_1,value_929_2,value_929_3,value_929_4
value_930_0,value_930_1,value_930_2,value_930_3,value_930_4
value_931_0,value_931_1,value_931_2,value_931_3,value_931_4
value_932_0,value_932_1,value_932_2,value_932_3,value_932_4
value_933_0,value_933_1,value_933_2,value_933_3,value_933_4
value_934_0,value_934_1,value_934_2,value_934_3,value_934_4
value_935_0,value_935_1,value_935_2,value_935_3,value_935_4
value_936_0,value_936_1,value_936_2,value_936_3,value_936_4
value_937_0,value_937_1,value_937_2,value_937_3,value_937_4
value_938_0,value_938_1,value_938_2,value_938_3,value_938_4
value_939_0,value_939_1,value_939_2,value_939_3,value_939_4
value_940_0,value_940_1,value_940_2,value_940_3,value_940_4
value_941_0,value_941_1,value_941_2,value_941_3,value_941_4
value_942_0,value_942_1,value_942_2,value_942_3,value_942_4
value_943_0,value_943_1,value_943_2,value_943_3,value_943_4
value_944_0,value_944_1,value_944_2,value_944_3,value_944_4
value_945_0,value_945_1,value_945_2,value_945_3,value_945_4
value_946_0,value_946_1,value_946_2,value_946_3,value_946_4
value_947_0,value_947_1,value_947_2,value_947_3,value_947_4
value_948_0,value_948_1,value_948_2,value_948_3,value_948_4
value_949_0,value_949_1,value_949_2,value_949_3,value_949_4
value_950_0,value_950_1,value_950_2,value_950_3,value_950_4
value_951_0,value_951_1,value_951_2,value_951_3,value_951_4
value_952_0,value_952_1,value_952_2,value_952_3,value_952_4
value_953_0,value_953_1,value_953_2,value_953_3,value_953_4
value_954_0,value_954_1,value_954_2,value_954_3,value_954_4
value_955_0,value_955_1,value_955_2,value_955_3,value_955_4
value_956_0,value_956_1,value_956_2,value_956_3,value_956_4
value_957_0,value_957_1,value_957_2,value_957_3,value_957_4
value_958_0,value_958_1,value_958_2,value_958_3,value_958_4
value_959_0,value_959_1,value_959_2,value_959_3,value_959_4
value_960_0,value_960_1,value_960_2,value_960_3,value_960_4
value_961_0,value_961_1,value_961_2,value_961_3,value_961_4
value_962_0,value_962_1,value_962_2,value_962_3,value_962_4
value_963_0,value_963_1,value_963_2,value_963_3,value_963_4
value_964_0,value_964_1,value_964_2,value_964_3,value_964_4
value_965_0,value_965_1,value_965_2,value_965_3,value_965_4
value_966_0,value_966_1,value_966_2,value_966_3,value_966_4
value_967_0,value_967_1,value_967_2,value_967_3,value_967_4
value_968_0,value_968_1,value_968_2,value_968_3,value_968_4
value_969_0,value_969_1,value_969_2,value_969_3,value_969_4
value_970_0,value_970_1,value_970_2,value_970_3,value_970_4
value_971_0,value_971_1,value_971_2,value_971_3,value_971_4
value_972_0,value_972_1,value_972_2,value_972_3,value_972_4
value_973_0,value_973_1,value_973_2,value_973_3,value_973_4
value_974_0,value_974_1,value_974_2,value_974_3,value_974_4
value_975_0,value_975_1,value_975_2,value_975_3,value_975_4
value_976_0,value_976_1,value_976_2,value_976_3,value_976_4
value_977_0,value_977_1,value_977_2,value_977_3,value_977_4
value_978_0,value_978_1,value_978_2,value_978_3,value_978_4
value_979_0,value_979_1,value_979_2,value_979_3,value_979_4
value_980_0,value_980_1,value_980_2,value_980_3,value_980_4
value_981_0,value_981_1,value_981_2,value_981_3,value_981_4
value_982_0,value_982_1,value_982_2,value_982_3,value_982_4
value_983_0,value_983_1,value_983_2,value_983_3,value_983_4
value_984_0,value_984_1,value_984_2,value_984_3,value_984_4
value_985_0,value_985_1,value_985_2,value_985_3,value_985_4
value_986_0,value_986_1,value_986_2,value_986_3,value_986_4
value_987_0,value_987_1,value_987_2,value_987_3,value_987_4
value_988_0,value_988_1,value_988_2,value_988_3,value_988_4
value_989_0,value_989_1,value_989_2,value_989_3,value_989_4
value_990_0,value_990_1,value_990_2,value_990_3,value_990_4
value_991_0,value_991_1,value_991_2,value_991_3,value_991_4
value_992_0,value_992_1,value_992_2,value_992_3,value_992_4
value_993_0,value_993_1,value_993_2,value_993_3,value_993_4
value_994_0,value_994_1,value_994_2,value_994_3,value_994_4
value_995_0,value_995_1,value_995_2,value_995_3,value_995_4
value_996_0,value_996_1,value_996_2,value_996_3,value_996_4
value_997_0,value_997_1,value_997_2,value_997_3,value_997_4
value_998_0,value_998_1,value_998_2,value_998_3,value_998_4
value_999_0,value_999_1,value_999_2,value_999_3,value_999_4
